pub_date	title	venue	excerpt	citation	url_slug	paper_url	category
2026-11-01	AI based detection and prediction of eating events using Continuous Glucose Monitoring: A comprehensive review	Biomedical Signal Processing and Control	This comprehensive review examines AI-based methods for detecting and predicting eating events from continuous glucose monitoring data, covering model-based, machine-learning, deep-learning, and multimodal approaches.	Muhammad Kashif, Chunzhuo Wang, Sergio Flesca, and Pierangelo Veltri. (2026). "AI based detection and prediction of eating events using Continuous Glucose Monitoring: A comprehensive review." Biomedical Signal Processing and Control, 127(B), 111207. https://doi.org/10.1016/j.bspc.2026.111207	bspc-cgm-review	https://doi.org/10.1016/j.bspc.2026.111207	manuscripts
2026-09-01	Meal Episode Detection from Continuous Glucose Monitoring Using a BiLSTM Sliding-Window and Constraint-Based Decoding	34th European Signal Processing Conference (EUSIPCO 2026)	This work presents a physiological time-series framework for meal-episode detection from continuous glucose monitoring data using BiLSTM-based sequence learning and constraint-based episode decoding.	Muhammad Kashif, Chunzhuo Wang, Sergio Flesca, and Pierangelo Veltri. (2026). "Meal Episode Detection from Continuous Glucose Monitoring Using a BiLSTM Sliding-Window and Constraint-Based Decoding." 34th European Signal Processing Conference (EUSIPCO 2026).	eusipco-meal-detection	https://eurasip.org/Proceedings/Eusipco/Eusipco2026/HTML/session-index/index.html	conferences
2026-06-30	Task-Conditioned PEFT with Prompt-Aligned ASR Error Structure Fusion for Parkinson's Speech Assessment	17th ACM Conference on Bioinformatics, Computational Biology, and Health Informatics (ACM BCB 2026)	This work investigates Parkinson's speech assessment using task-conditioned parameter-efficient fine-tuning, self-supervised speech representations, prompt-aligned ASR error structure, and multimodal fusion.	Muhammad Kashif, Patrizia Vizza, Giuseppe Tradigo, and Sergio Flesca. (2026). "Task-Conditioned PEFT with Prompt-Aligned ASR Error Structure Fusion for Parkinson's Speech Assessment." ACM BCB 2026, 122:1-122:2. https://doi.org/10.1145/3807503.3816790	acm-bcb-parkinson	https://doi.org/10.1145/3807503.3816790	conferences
2025-06-23	Using LSTM-Based Model on Vocal Signal Analysis for the Classification of Multiple Sclerosis	23rd International Conference on Artificial Intelligence in Medicine (AIME 2025)	This work investigates LSTM-based analysis of vocal signals for the classification of multiple sclerosis using speech-derived temporal information.	Muhammad Kashif, Patrizia Vizza, Aurara Delfino, Roberto Bruno Bossio, Giuseppe Tradigo, Sergio Flesca, and Pierangelo Veltri. (2025). "Using LSTM-Based Model on Vocal Signal Analysis for the Classification of Multiple Sclerosis." Artificial Intelligence in Medicine (AIME 2025), pp. 192-196. https://doi.org/10.1007/978-3-031-95841-0_36	aime-ms-speech	https://doi.org/10.1007/978-3-031-95841-0_36	conferences
2024-05-24	GLSTM: On Using LSTM for Glucose Level Prediction	pHealth 2024 / Studies in Health Technology and Informatics	This work investigates LSTM-based deep-learning approaches for glucose-level prediction from continuous glucose monitoring and related physiological data.	Muhammad Kashif, Sergio Flesca, and Pierangelo Veltri. (2024). "GLSTM: On Using LSTM for Glucose Level Prediction." Studies in Health Technology and Informatics, 314, pp. 103-107. https://doi.org/10.3233/SHTI240067	glstm	https://doi.org/10.3233/SHTI240067	conferences
2022-07-09	Deep Learning for Intrusion Detection and Security of Internet of Things (IoT): Current Analysis, Challenges, and Possible Solutions	Security and Communication Networks	This review analyzes deep-learning approaches for intrusion detection in Internet of Things and computer networks, including benchmark datasets, security challenges, and future research directions.	Amjad Rehman Khan, Muhammad Kashif, Rutvij H. Jhaveri, Roshani Raut, Tanzila Saba, and Saeed Ali Bahaj. (2022). "Deep Learning for Intrusion Detection and Security of Internet of Things (IoT): Current Analysis, Challenges, and Possible Solutions." Security and Communication Networks, 2022, 4016073. https://doi.org/10.1155/2022/4016073	iot-intrusion-deep-learning	https://doi.org/10.1155/2022/4016073	manuscripts
2022-01-01	A Revisit of Internet of Things Technologies for Monitoring and Control Strategies in Smart Agriculture	Agronomy	This review examines Internet of Things technologies for agricultural monitoring and control, including sensing, automation, irrigation, environmental monitoring, and smart farming applications.	Amjad Rehman, Tanzila Saba, Muhammad Kashif, Suliman Mohamed Fati, Saeed Ali Bahaj, and Huma Chaudhry. (2022). "A Revisit of Internet of Things Technologies for Monitoring and Control Strategies in Smart Agriculture." Agronomy, 12, 127. https://doi.org/10.3390/agronomy12010127	iot-smart-agriculture	https://doi.org/10.3390/agronomy12010127	manuscripts
2021-08-25	Lung Cancer Detection and Diagnosis with Deep Learning Models Evaluation	Artificial Intelligence and Internet of Things: Applications in Smart Healthcare	This book chapter examines deep-learning approaches for lung cancer detection and diagnosis using medical imaging data.	Tanzila Saba, Muhammad Kashif, Hind Alaskar, and Erum Afzal. (2021). "Lung Cancer Detection and Diagnosis with Deep Learning Models Evaluation." In Artificial Intelligence and Internet of Things: Applications in Smart Healthcare, pp. 167-188. https://doi.org/10.1201/9781003097204-7	lung-cancer-deep-learning	https://doi.org/10.1201/9781003097204-7	books
2021-08-01	COVID-19 Outbreak Prediction After Lockdown, Based on Current Data Analytics	Intelligent Computing Applications for COVID-19: Predictions, Diagnosis, and Prevention	This chapter investigates COVID-19 outbreak trends and prediction after lockdown using data-analytics approaches.	Muhammad Kashif, Noor Ayesha, Tariq Sadad, and Zahid Mehmood. (2021). "COVID-19 Outbreak Prediction After Lockdown, Based on Current Data Analytics." In Intelligent Computing Applications for COVID-19: Predictions, Diagnosis, and Prevention, pp. 151-168. https://doi.org/10.1201/9781003141105-8	covid-outbreak-prediction	https://doi.org/10.1201/9781003141105-8	books
2021-05-01	Breast Cancer Diagnostic Analysis Based on Convolutional Neural Networks	Artificial Intelligence and Internet of Things: Applications in Smart Healthcare	This chapter examines convolutional-neural-network-based approaches for breast cancer diagnosis and computer-aided medical image analysis.	Muhammad Kashif, Amjad Rehman, Tariq Sadad, and Zahid Mehmood. (2021). "Breast Cancer Diagnostic Analysis Based on Convolutional Neural Networks." In Artificial Intelligence and Internet of Things: Applications in Smart Healthcare, Chapter 3.	breast-cancer-cnn	https://www.routledge.com/Artificial-Intelligence-and-Internet-of-Things-Applications-in-Smart-Healthcare/Goyal-Saba-Rehman-Larabi-Marie-Sainte/p/book/9780367562953	books
2021-04-06	Lung Cancer Detection and Classification from Chest CT Scans Using Machine Learning Techniques	2021 1st International Conference on Artificial Intelligence and Data Analytics (CAIDA)	This work investigates machine-learning methods for lung cancer detection and classification from chest CT scans.	Amjad Rehman, Muhammad Kashif, Ibrahim Abunadi, and Noor Ayesha. (2021). "Lung Cancer Detection and Classification from Chest CT Scans Using Machine Learning Techniques." 2021 1st International Conference on Artificial Intelligence and Data Analytics (CAIDA). https://doi.org/10.1109/CAIDA51941.2021.9425269	caida-lung-cancer	https://doi.org/10.1109/CAIDA51941.2021.9425269	conferences
2021-04-06	Facial Expression Recognition Using Patch-Based LBPS in an Unconstrained Environment	2021 1st International Conference on Artificial Intelligence and Data Analytics (CAIDA)	This work investigates patch-based local binary pattern descriptors for facial-expression recognition under unconstrained imaging conditions.	Tanzila Saba, Muhammad Kashif, and Erum Afzal. (2021). "Facial Expression Recognition Using Patch-Based LBPS in an Unconstrained Environment." 2021 1st International Conference on Artificial Intelligence and Data Analytics (CAIDA), pp. 105-108. https://doi.org/10.1109/CAIDA51941.2021.9425309	caida-facial-expression	https://doi.org/10.1109/CAIDA51941.2021.9425309	conferences
2021-02-05	A Machine Learning Approach for Expression Detection in Healthcare Monitoring Systems	Computers, Materials & Continua	This work proposes a machine-learning framework for facial-expression detection in healthcare monitoring using patch-based local binary patterns, frequency-domain features, and conventional classifiers.	Muhammad Kashif, Ayyaz Hussain, Asim Munir, Abdul Basit Siddiqui, Aaqif Afzaal Abbasi, Muhammad Aakif, Arif Jamal Malik, Fayez Eid Alazemi, and Oh-Young Song. (2021). "A Machine Learning Approach for Expression Detection in Healthcare Monitoring Systems." Computers, Materials & Continua, 67(2), pp. 2123-2139. https://doi.org/10.32604/cmc.2021.014782	expression-healthcare-monitoring	https://doi.org/10.32604/cmc.2021.014782	manuscripts
2020-01-01	Application of Machine Learning and Image Processing for Detection of Breast Cancer	Innovation in Health Informatics	This book chapter investigates machine-learning and image-processing techniques for computer-aided breast cancer detection from mammographic images.	Muhammad Kashif, Kaleem Razzaq Malik, Sohail Jabbar, and Junaid Chaudhry. (2020). "Application of Machine Learning and Image Processing for Detection of Breast Cancer." In Innovation in Health Informatics, pp. 145-162. https://doi.org/10.1016/B978-0-12-819043-2.00006-X	breast-cancer-image-processing	https://doi.org/10.1016/B978-0-12-819043-2.00006-X	books
